name,kind,x_m,y_m,z_m,yaw_deg,half_x_m,half_y_m,base_z_m,top_z_m,faces
SS_MAP_Ravenshoe_ObjA_Span,Objective,0.000,0.000,14.150,0.0,6.000,0.600,14.0000,14.300,6
SS_MAP_Ravenshoe_ObjB_GravelGate,Objective,0.000,62.000,16.136,0.0,5.000,0.600,15.9857,16.286,6
SS_MAP_Ravenshoe_DeployAlpha,Deployment,0.000,-130.000,22.150,0.0,0.000,0.500,22.0000,22.300,6
SS_MAP_Ravenshoe_DeployBravo,Deployment,0.000,130.000,22.150,0.0,0.000,0.500,22.0000,22.300,6
south_approach_00,CoverBush,-4.950,-130.000,22.000,0.0,1.232,1.232,22.0000,23.848,6
south_approach_01,CoverRock,5.115,-122.000,21.596,0.0,1.413,1.413,21.5963,23.999,6
south_approach_02,CoverBush,-5.187,-114.000,21.193,0.0,1.390,1.390,21.1926,23.277,6
south_approach_03,CoverBush,3.770,-106.000,20.543,0.0,1.108,1.108,20.5427,22.205,6
south_approach_04,CoverRock,-3.377,-98.000,19.647,0.0,1.219,1.219,19.6472,21.719,6
south_approach_05,CoverRock,4.266,-90.000,18.653,0.0,1.311,1.311,18.6529,20.882,6
south_approach_06,CoverBush,-5.281,-82.000,17.599,0.0,0.790,0.790,17.5995,18.785,6
south_approach_07,CoverRock,3.752,-74.000,16.589,0.0,0.768,0.768,16.5886,17.893,6
south_approach_08,CoverRock,-4.454,-66.000,15.639,0.0,0.952,0.952,15.6393,17.257,6
south_approach_09,CoverBush,4.105,-58.000,14.832,0.0,1.349,1.349,14.8320,16.856,6
south_approach_10,CoverRock,-5.540,-50.000,14.274,0.0,1.320,1.320,14.2744,16.518,6
north_road_00,CoverBush,-3.878,44.000,14.046,0.0,0.999,0.999,14.0460,15.545,6
north_road_01,CoverBush,4.321,52.000,14.414,0.0,0.757,0.757,14.4138,15.549,6
north_road_03,CoverBush,5.278,68.000,15.841,0.0,0.994,0.994,15.8412,17.332,6
north_road_04,CoverBush,-4.516,76.000,16.838,0.0,1.296,1.296,16.8378,18.782,6
north_road_05,CoverBush,3.860,84.000,17.863,0.0,0.920,0.920,17.8628,19.243,6
north_road_06,CoverRock,-3.301,92.000,18.916,0.0,1.259,1.259,18.9163,21.057,6
north_road_07,CoverRock,5.044,100.000,19.871,0.0,0.761,0.761,19.8711,21.166,6
north_road_08,CoverRock,-5.036,108.000,20.767,0.0,0.977,0.977,20.7665,22.427,6
north_road_09,CoverRock,4.792,116.000,21.293,0.0,1.354,1.354,21.2933,23.595,6
north_road_10,CoverRock,-4.867,124.000,21.697,0.0,1.142,1.142,21.6971,23.638,6
ramp_east_00,CoverBush,5.000,-29.813,13.228,0.0,0.824,0.824,13.2277,14.464,6
ramp_east_01,CoverBush,13.000,-37.518,14.021,0.0,0.895,0.895,14.0212,15.364,6
ramp_east_02,CoverBush,20.884,-28.780,12.042,0.0,0.761,0.761,12.0420,13.184,6
ramp_east_03,CoverBush,29.263,-38.842,14.121,0.0,1.157,1.157,14.1212,15.856,6
ramp_east_04,CoverBush,36.617,-27.916,9.380,0.0,1.416,1.416,9.3805,11.505,6
ramp_east_05,CoverBush,45.474,-37.823,11.416,0.0,0.861,0.861,11.4157,12.708,6
ramp_east_06,CoverRock,52.236,-26.057,4.146,0.0,0.820,0.820,4.1459,5.540,6
ramp_east_07,CoverBush,61.533,-35.080,6.900,0.0,0.862,0.862,6.8996,8.192,6
ramp_east_08,CoverBush,67.886,-25.128,0.360,0.0,1.010,1.010,0.3599,1.875,6
ramp_east_09,CoverRock,77.792,-32.022,3.612,0.0,1.383,1.383,3.6124,5.963,6
ramp_east_10,CoverRock,82.281,-20.025,-9.711,0.0,0.751,0.751,-9.7114,-8.435,6
ramp_east_11,CoverBush,92.554,-16.985,-9.083,0.0,0.931,0.931,-9.0825,-7.686,6
ramp_east_12,CoverBush,80.677,-20.161,-10.574,0.0,0.892,0.892,-10.5735,-9.235,6
ramp_east_13,CoverRock,75.052,-9.706,-13.271,0.0,1.052,1.052,-13.2705,-11.482,6
ramp_east_14,CoverRock,65.558,-18.283,-15.521,0.0,1.360,1.360,-15.5213,-13.210,6
ramp_east_15,CoverRock,59.318,-6.295,-17.434,0.0,1.043,1.043,-17.4343,-15.661,6
ramp_east_16,CoverBush,49.821,-15.609,-18.000,0.0,1.030,1.030,-18.0000,-16.455,6
ramp_west_00,CoverRock,-5.000,-38.233,14.000,0.0,1.017,1.017,14.0000,15.728,6
ramp_west_01,CoverRock,-13.000,-30.679,13.787,0.0,0.963,0.963,13.7869,15.425,6
ramp_west_02,CoverBush,-21.081,-37.924,14.123,0.0,1.164,1.164,14.1232,15.869,6
ramp_west_03,CoverRock,-28.839,-29.725,12.983,0.0,1.107,1.107,12.9829,14.865,6
ramp_west_04,CoverRock,-37.331,-38.736,13.018,0.0,1.389,1.389,13.0182,15.380,6
ramp_west_05,CoverRock,-44.609,-28.368,8.663,0.0,1.002,1.002,8.6626,10.365,6
ramp_west_06,CoverRock,-53.500,-37.669,11.180,0.0,0.877,0.877,11.1799,12.671,6
ramp_west_07,CoverRock,-60.369,-27.263,4.387,0.0,1.206,1.206,4.3871,6.438,6
ramp_west_08,CoverRock,-69.523,-34.707,6.397,0.0,1.135,1.135,6.3971,8.326,6
ramp_west_09,CoverBush,-75.682,-23.964,-1.529,0.0,0.807,0.807,-1.5289,-0.319,6
ramp_west_10,CoverBush,-85.607,-31.100,1.518,0.0,1.308,1.308,1.5182,3.480,6
ramp_west_11,CoverRock,-89.923,-19.646,-8.384,0.0,1.429,1.429,-8.3838,-5.954,6
ramp_west_13,CoverBush,-84.948,-19.887,-10.890,0.0,1.324,1.324,-10.8899,-8.904,6
ramp_west_14,CoverRock,-78.899,-9.542,-13.259,0.0,0.887,0.887,-13.2595,-11.752,6
ramp_west_15,CoverBush,-69.561,-18.167,-15.291,0.0,1.208,1.208,-15.2913,-13.479,6
ramp_west_16,CoverBush,-63.006,-7.322,-16.951,0.0,1.384,1.384,-16.9506,-14.875,6
ramp_west_17,CoverRock,-53.683,-16.428,-18.000,0.0,1.017,1.017,-18.0000,-16.271,6
bed_east_00,CoverRock,45.052,-14.359,-18.000,0.0,0.908,0.908,-18.0000,-16.456,6
bed_east_01,CoverBush,39.356,-2.903,-18.000,0.0,1.215,1.215,-18.0000,-16.178,6
bed_east_02,CoverBush,29.421,-10.944,-18.000,0.0,1.128,1.128,-18.0000,-16.307,6
bed_east_03,CoverBush,23.471,-0.654,-18.000,0.0,1.317,1.317,-18.0000,-16.024,6
bed_east_04,CoverRock,13.620,-8.311,-18.000,0.0,1.167,1.167,-18.0000,-16.015,6
bed_east_05,CoverRock,7.679,2.020,-18.000,0.0,1.176,1.176,-18.0000,-16.001,6
bed_west_00,CoverRock,-49.002,-5.190,-18.000,0.0,0.974,0.974,-18.0000,-16.345,6
bed_west_01,CoverBush,-39.159,-13.213,-18.000,0.0,1.302,1.302,-18.0000,-16.047,6
bed_west_02,CoverBush,-33.206,-2.561,-18.000,0.0,1.100,1.100,-18.0000,-16.350,6
bed_west_03,CoverRock,-23.435,-10.237,-18.000,0.0,0.938,0.938,-18.0000,-16.405,6
bed_west_04,CoverBush,-17.399,0.012,-18.000,0.0,1.306,1.306,-18.0000,-16.041,6
bed_west_05,CoverRock,-7.805,-6.812,-18.000,0.0,0.813,0.813,-18.0000,-16.618,6
bed_west_06,CoverRock,-2.124,5.142,-18.000,0.0,0.989,0.989,-18.0000,-16.319,6
SS_Raven_Bridge,Structure,0.000,0.000,14.000,0.0,7.000,37.200,-8.7750,5.820,1266
SS_Raven_Gatehouse,Structure,0.000,62.000,15.236,0.0,4.800,3.400,0.0000,5.960,450
