name,kind,x,y,ground_z,size_x,size_y,size_z,yaw
SS_MAP_DryRiver_Cover_Rock_000,rock,-105.919,-81.343,0.245,1.695,1.795,1.229,0.000
SS_MAP_DryRiver_Cover_Rock_001,rock,-67.199,0.942,-2.190,2.598,3.266,2.082,0.000
SS_MAP_DryRiver_Cover_Rock_002,rock,-78.163,-77.930,-0.460,2.654,2.682,2.043,0.000
SS_MAP_DryRiver_Cover_Rock_003,rock,87.727,-62.393,3.397,3.895,3.312,2.814,0.000
SS_MAP_DryRiver_Cover_Rock_004,rock,25.184,-8.209,1.949,3.867,4.024,2.020,0.000
SS_MAP_DryRiver_Cover_Rock_005,rock,-83.525,62.737,10.348,2.429,3.439,2.630,0.000
SS_MAP_DryRiver_Cover_Rock_006,rock,-93.063,-29.727,-0.822,3.036,3.073,2.145,0.000
SS_MAP_DryRiver_Cover_Rock_007,rock,-61.755,-27.531,-0.368,1.525,1.550,1.492,0.000
SS_MAP_DryRiver_Cover_Rock_008,rock,98.986,75.363,14.091,3.688,3.062,1.759,0.000
SS_MAP_DryRiver_Cover_Rock_009,rock,-61.828,39.745,1.840,2.405,3.564,2.840,0.000
SS_MAP_DryRiver_Cover_Rock_010,rock,72.522,-53.992,4.222,3.241,3.332,2.276,0.000
SS_MAP_DryRiver_Cover_Rock_011,rock,45.602,8.376,2.371,1.800,1.603,1.757,0.000
SS_MAP_DryRiver_Cover_Rock_012,rock,-103.818,-22.360,-0.782,3.113,3.131,2.259,0.000
SS_MAP_DryRiver_Cover_Rock_013,rock,-113.948,54.903,8.514,2.787,2.939,2.177,0.000
SS_MAP_DryRiver_Cover_Rock_014,rock,118.913,-6.317,2.402,3.913,4.566,3.706,0.000
SS_MAP_DryRiver_Cover_Rock_015,rock,95.521,-38.451,4.204,4.566,3.994,2.636,0.000
SS_MAP_DryRiver_Cover_Rock_016,rock,83.144,-11.928,4.254,4.149,3.446,2.766,0.000
SS_MAP_DryRiver_Cover_Rock_017,rock,90.881,-77.443,2.122,4.366,4.386,3.648,0.000
SS_MAP_DryRiver_Cover_Rock_018,rock,-96.946,72.284,13.213,3.312,3.655,2.008,0.000
SS_MAP_DryRiver_Cover_Rock_019,rock,36.186,-7.515,2.718,3.921,3.997,2.916,0.000
SS_MAP_DryRiver_Cover_Rock_020,rock,-89.286,-78.580,-0.298,3.430,3.489,2.439,0.000
SS_MAP_DryRiver_Cover_Rock_021,rock,-87.159,23.668,0.390,3.794,3.331,3.390,0.000
SS_MAP_DryRiver_Cover_Rock_022,rock,67.530,-31.610,5.066,4.293,3.838,3.184,0.000
SS_MAP_DryRiver_Cover_Rock_023,rock,114.320,2.480,0.031,2.541,2.777,2.088,0.000
SS_MAP_DryRiver_Cover_Rock_024,rock,99.103,69.340,13.369,2.426,3.234,2.044,0.000
SS_MAP_DryRiver_Cover_Rock_025,rock,105.630,-55.583,2.633,3.291,3.647,3.053,0.000
SS_MAP_DryRiver_Cover_Rock_026,rock,78.628,83.485,13.898,2.764,2.368,1.751,0.000
SS_MAP_DryRiver_Cover_Rock_027,rock,-49.637,-1.313,-3.559,3.966,3.378,2.445,0.000
SS_MAP_DryRiver_Cover_Rock_028,rock,-78.266,-3.077,-2.872,2.082,1.922,1.208,0.000
SS_MAP_DryRiver_Cover_Rock_029,rock,9.594,0.457,-1.636,3.371,3.537,2.918,0.000
SS_MAP_DryRiver_Cover_Rock_030,rock,67.773,10.965,2.563,2.005,1.810,1.616,0.000
SS_MAP_DryRiver_Cover_Rock_031,rock,-118.343,-42.098,-0.344,3.559,3.439,2.949,0.000
SS_MAP_DryRiver_Cover_Rock_032,rock,27.258,8.803,1.868,1.942,1.961,1.712,0.000
SS_MAP_DryRiver_Cover_Rock_033,rock,113.627,65.598,11.972,1.841,1.798,1.365,0.000
SS_MAP_DryRiver_Cover_Rock_034,rock,90.382,-8.792,3.875,4.553,3.881,3.034,0.000
SS_MAP_DryRiver_Cover_Rock_035,rock,-94.425,49.506,5.861,3.770,3.287,2.431,0.000
SS_MAP_DryRiver_Cover_Rock_036,rock,-121.832,55.413,8.841,2.168,2.449,1.931,0.000
SS_MAP_DryRiver_Cover_Rock_037,rock,100.485,18.862,2.543,1.735,1.424,1.057,0.000
SS_MAP_DryRiver_Cover_Rock_038,rock,-86.619,55.006,7.549,2.134,2.800,2.252,0.000
SS_MAP_DryRiver_Cover_Rock_039,rock,-111.195,-59.797,-0.223,2.893,2.931,2.415,0.000
SS_MAP_DryRiver_Cover_TreeTrunk_000,tree,51.150,-8.135,3.549,0.381,0.440,6.756,0.000
SS_MAP_DryRiver_Cover_TreeTrunk_001,tree,106.383,35.155,3.510,0.381,0.440,9.375,0.000
SS_MAP_DryRiver_Cover_TreeTrunk_002,tree,110.258,76.640,13.772,0.381,0.440,7.276,0.000
SS_MAP_DryRiver_Cover_TreeTrunk_003,tree,106.825,78.868,13.816,0.381,0.440,7.250,0.000
SS_MAP_DryRiver_Cover_TreeTrunk_004,tree,74.458,50.079,7.167,0.381,0.440,8.558,0.000
SS_MAP_DryRiver_Cover_TreeTrunk_005,tree,-66.607,-0.921,-2.955,0.381,0.440,6.507,0.000
SS_MAP_DryRiver_Cover_TreeTrunk_006,tree,-101.248,20.355,0.509,0.381,0.440,5.638,0.000
SS_MAP_DryRiver_Cover_TreeTrunk_007,tree,121.292,-54.755,1.382,0.381,0.440,8.654,0.000
SS_MAP_DryRiver_Cover_TreeTrunk_008,tree,79.898,-68.805,2.966,0.381,0.440,5.840,0.000
SS_MAP_DryRiver_Cover_TreeTrunk_009,tree,116.258,55.823,8.666,0.381,0.440,6.770,0.000
SS_MAP_DryRiver_Cover_TreeTrunk_010,tree,114.913,-15.239,2.803,0.381,0.440,5.979,0.000
SS_MAP_DryRiver_Cover_TreeTrunk_011,tree,19.729,10.606,1.559,0.381,0.440,8.767,0.000
SS_MAP_DryRiver_Cover_TreeTrunk_012,tree,-100.125,-17.400,-0.692,0.381,0.440,6.193,0.000
SS_MAP_DryRiver_Cover_TreeTrunk_013,tree,-76.814,-47.874,-0.691,0.381,0.440,7.860,0.000
SS_MAP_DryRiver_Cover_TreeTrunk_014,tree,76.165,-64.120,3.380,0.381,0.440,8.039,0.000
SS_MAP_DryRiver_Cover_TreeTrunk_015,tree,-96.946,-30.177,-0.858,0.381,0.440,6.040,0.000
SS_MAP_DryRiver_Cover_TreeTrunk_016,tree,-97.419,-68.465,-0.430,0.381,0.440,6.824,0.000
SS_MAP_DryRiver_Cover_TreeTrunk_017,tree,92.101,40.244,4.631,0.381,0.440,6.552,0.000
SS_MAP_DryRiver_Cover_TreeTrunk_018,tree,-114.440,-76.012,0.323,0.381,0.440,8.166,0.000
SS_MAP_DryRiver_Cover_TreeTrunk_019,tree,-91.226,-36.185,-0.869,0.381,0.440,7.598,0.000
SS_MAP_DryRiver_Cover_Scrub_000,scrub,-100.287,25.063,0.865,4.174,4.174,0.000,0.000
SS_MAP_DryRiver_Cover_Scrub_001,scrub,97.219,-14.320,3.863,2.913,2.913,0.000,0.000
SS_MAP_DryRiver_Cover_Scrub_002,scrub,58.248,0.548,0.951,3.923,3.923,0.000,0.000
SS_MAP_DryRiver_Cover_Scrub_003,scrub,-88.258,82.709,13.284,2.581,2.581,0.000,0.000
SS_MAP_DryRiver_Cover_Scrub_004,scrub,-67.584,-13.657,-0.484,2.278,2.278,0.000,0.000
SS_MAP_DryRiver_Cover_Scrub_005,scrub,90.617,40.262,4.628,3.584,3.584,0.000,0.000
SS_MAP_DryRiver_Cover_Scrub_006,scrub,99.120,47.100,6.388,3.748,3.748,0.000,0.000
SS_MAP_DryRiver_Cover_Scrub_007,scrub,-95.068,45.306,4.520,3.480,3.480,0.000,0.000
SS_MAP_DryRiver_Cover_Scrub_008,scrub,60.167,16.945,2.157,3.897,3.897,0.000,0.000
SS_MAP_DryRiver_Cover_Scrub_009,scrub,-53.696,-24.154,-0.463,3.335,3.335,0.000,0.000
SS_MAP_DryRiver_Cover_Scrub_010,scrub,-72.105,52.245,6.087,4.264,4.264,0.000,0.000
SS_MAP_DryRiver_Cover_Scrub_011,scrub,56.753,-25.370,4.531,2.548,2.548,0.000,0.000
SS_MAP_DryRiver_Cover_Scrub_012,scrub,-94.963,7.593,-0.096,3.177,3.177,0.000,0.000
SS_MAP_DryRiver_Cover_Scrub_013,scrub,-88.070,70.496,12.681,4.624,4.624,0.000,0.000
SS_MAP_DryRiver_Cover_Scrub_014,scrub,115.767,42.190,4.488,4.745,4.745,0.000,0.000
SS_MAP_DryRiver_Cover_Scrub_015,scrub,-107.220,11.997,0.083,2.911,2.911,0.000,0.000
SS_MAP_DryRiver_Cover_Scrub_016,scrub,119.113,-60.278,1.311,2.747,2.747,0.000,0.000
SS_MAP_DryRiver_Cover_Scrub_017,scrub,-118.991,-72.408,0.364,4.317,4.317,0.000,0.000
SS_MAP_DryRiver_Cover_Scrub_018,scrub,-120.718,-66.201,0.296,3.120,3.120,0.000,0.000
SS_MAP_DryRiver_Cover_Scrub_019,scrub,84.520,27.252,2.730,4.115,4.115,0.000,0.000
SS_MAP_DryRiver_Cover_Scrub_020,scrub,-97.144,-83.536,0.082,2.669,2.669,0.000,0.000
SS_MAP_DryRiver_Cover_Scrub_021,scrub,95.882,26.029,2.760,4.343,4.343,0.000,0.000
SS_MAP_DryRiver_Cover_Scrub_022,scrub,68.989,4.496,0.859,4.249,4.249,0.000,0.000
SS_MAP_DryRiver_Cover_Scrub_023,scrub,51.000,-16.186,3.935,3.093,3.093,0.000,0.000
SS_MAP_DryRiver_Cover_Scrub_024,scrub,-53.834,29.770,-0.135,4.492,4.492,0.000,0.000
SS_MAP_DryRiver_Cover_Scrub_025,scrub,-87.279,50.192,5.798,3.551,3.551,0.000,0.000
SS_MAP_DryRiver_Cover_Scrub_026,scrub,-67.172,-48.321,-0.431,2.760,2.760,0.000,0.000
SS_MAP_DryRiver_Cover_Scrub_027,scrub,123.441,15.349,1.656,2.717,2.717,0.000,0.000
SS_MAP_DryRiver_Cover_Scrub_028,scrub,113.159,72.658,13.422,2.579,2.579,0.000,0.000
SS_MAP_DryRiver_Cover_Scrub_029,scrub,112.466,14.338,2.239,3.221,3.221,0.000,0.000
SS_MAP_DryRiver_Fence_Rail_000,fence_rail,10.000,-57.000,-0.134,0.140,6.000,1.100,0.000
SS_MAP_DryRiver_Fence_Rail_001,fence_rail,10.000,-51.000,-0.089,0.140,6.000,1.100,0.000
SS_MAP_DryRiver_Fence_Rail_002,fence_rail,10.000,-45.000,-0.016,0.140,6.000,1.100,0.000
SS_MAP_DryRiver_Fence_Rail_003,fence_rail,10.000,-39.000,0.083,0.140,6.000,1.100,0.000
SS_MAP_DryRiver_Fence_Rail_004,fence_rail,10.000,-33.000,0.200,0.140,6.000,1.100,0.000
SS_MAP_DryRiver_Fence_Rail_005,fence_rail,10.000,-27.000,0.330,0.140,6.000,1.100,0.000
SS_MAP_DryRiver_Fence_Rail_006,fence_rail,10.000,-21.000,0.464,0.140,6.000,1.100,0.000
SS_MAP_DryRiver_Fence_Rail_007,fence_rail,10.000,-15.000,0.597,0.140,6.000,1.100,0.000
SS_MAP_DryRiver_Fence_Rail_008,fence_rail,10.000,-9.000,0.721,0.140,6.000,1.100,0.000
SS_MAP_DryRiver_Fence_Rail_009,fence_rail,10.000,-3.000,-0.625,0.140,6.000,1.100,0.000
SS_MAP_DryRiver_Fence_Rail_010,fence_rail,10.000,3.000,-1.068,0.140,6.000,1.100,0.000
SS_MAP_DryRiver_Fence_Rail_011,fence_rail,10.000,9.000,1.044,0.140,6.000,1.100,0.000
SS_MAP_DryRiver_Fence_Rail_012,fence_rail,10.000,15.000,1.188,0.140,6.000,1.100,0.000
SS_MAP_DryRiver_Fence_Rail_013,fence_rail,10.000,21.000,1.423,0.140,6.000,1.100,0.000
SS_MAP_DryRiver_Fence_Rail_014,fence_rail,10.000,27.000,1.830,0.140,6.000,1.100,0.000
SS_MAP_DryRiver_Fence_Rail_015,fence_rail,10.000,33.000,2.512,0.140,6.000,1.100,0.000
SS_MAP_DryRiver_Fence_Rail_016,fence_rail,10.000,39.000,3.568,0.140,6.000,1.100,0.000
SS_MAP_DryRiver_Fence_Rail_017,fence_rail,10.000,45.000,5.054,0.140,6.000,1.100,0.000
SS_MAP_DryRiver_Fence_Rail_018,fence_rail,10.000,51.000,6.931,0.140,6.000,1.100,0.000
SS_MAP_DryRiver_Fence_Rail_019,fence_rail,10.000,57.000,9.034,0.140,6.000,1.100,0.000
SS_MAP_DryRiver_Fence_Post_000,fence_post,10.000,-60.000,-0.145,0.200,0.200,1.350,0.000
SS_MAP_DryRiver_Fence_Post_001,fence_post,10.000,-54.000,-0.115,0.200,0.200,1.350,0.000
SS_MAP_DryRiver_Fence_Post_002,fence_post,10.000,-48.000,-0.056,0.200,0.200,1.350,0.000
SS_MAP_DryRiver_Fence_Post_003,fence_post,10.000,-42.000,0.031,0.200,0.200,1.350,0.000
SS_MAP_DryRiver_Fence_Post_004,fence_post,10.000,-36.000,0.139,0.200,0.200,1.350,0.000
SS_MAP_DryRiver_Fence_Post_005,fence_post,10.000,-30.000,0.264,0.200,0.200,1.350,0.000
SS_MAP_DryRiver_Fence_Post_006,fence_post,10.000,-24.000,0.397,0.200,0.200,1.350,0.000
SS_MAP_DryRiver_Fence_Post_007,fence_post,10.000,-18.000,0.531,0.200,0.200,1.350,0.000
SS_MAP_DryRiver_Fence_Post_008,fence_post,10.000,-12.000,0.660,0.200,0.200,1.350,0.000
SS_MAP_DryRiver_Fence_Post_009,fence_post,10.000,-6.000,0.778,0.200,0.200,1.350,0.000
SS_MAP_DryRiver_Fence_Post_010,fence_post,10.000,0.000,-1.590,0.200,0.200,1.350,0.000
SS_MAP_DryRiver_Fence_Post_011,fence_post,10.000,6.000,0.942,0.200,0.200,1.350,0.000
SS_MAP_DryRiver_Fence_Post_012,fence_post,10.000,12.000,1.109,0.200,0.200,1.350,0.000
SS_MAP_DryRiver_Fence_Post_013,fence_post,10.000,18.000,1.290,0.200,0.200,1.350,0.000
SS_MAP_DryRiver_Fence_Post_014,fence_post,10.000,24.000,1.599,0.200,0.200,1.350,0.000
SS_MAP_DryRiver_Fence_Post_015,fence_post,10.000,30.000,2.130,0.200,0.200,1.350,0.000
SS_MAP_DryRiver_Fence_Post_016,fence_post,10.000,36.000,2.989,0.200,0.200,1.350,0.000
SS_MAP_DryRiver_Fence_Post_017,fence_post,10.000,42.000,4.257,0.200,0.200,1.350,0.000
SS_MAP_DryRiver_Fence_Post_018,fence_post,10.000,48.000,5.950,0.200,0.200,1.350,0.000
SS_MAP_DryRiver_Fence_Post_019,fence_post,10.000,54.000,7.970,0.200,0.200,1.350,0.000
SS_MAP_DryRiver_Fence_Post_020,fence_post,10.000,60.000,10.082,0.200,0.200,1.350,0.000
