name,type,x,y,z,rot_y,scale
SS_DryRiver_Scrub_01,scrub,99.090,-2.212,2.226,357.21,0.839
SS_DryRiver_Scrub_02,scrub,-76.850,26.951,0.230,105.30,0.804
SS_DryRiver_Scrub_03,scrub,-36.297,6.305,-1.343,319.96,1.145
SS_DryRiver_Scrub_04,scrub,-74.109,-79.997,-0.416,181.62,1.086
SS_DryRiver_Scrub_05,scrub,104.811,-35.690,3.496,223.55,1.035
SS_DryRiver_Scrub_06,scrub,120.228,17.351,1.838,10.29,1.344
SS_DryRiver_Scrub_07,scrub,-88.341,-60.449,-0.775,38.00,0.818
SS_DryRiver_Scrub_08,scrub,-83.063,4.484,-0.292,16.88,1.284
SS_DryRiver_Scrub_09,scrub,-101.228,21.711,0.603,12.04,0.969
SS_DryRiver_Scrub_10,scrub,-74.470,52.495,6.228,204.92,1.303
SS_DryRiver_Scrub_11,scrub,-116.326,43.756,4.652,348.66,1.064
SS_DryRiver_Scrub_12,scrub,119.362,-57.235,1.418,28.39,0.860
SS_DryRiver_Scrub_13,scrub,71.558,51.423,7.554,4.55,0.863
SS_DryRiver_Scrub_14,scrub,51.165,-12.674,3.792,274.37,1.075
SS_DryRiver_Scrub_15,scrub,-44.364,-18.189,-0.792,248.14,1.265
SS_DryRiver_Scrub_16,scrub,113.914,5.783,1.428,273.69,0.854
SS_DryRiver_Scrub_17,scrub,54.747,-7.752,3.669,22.90,1.132
SS_DryRiver_Scrub_18,scrub,80.229,9.499,2.801,145.55,1.188
SS_DryRiver_Scrub_19,scrub,50.085,6.251,1.414,129.55,1.023
SS_DryRiver_Scrub_20,scrub,-70.212,-46.631,-0.510,242.45,0.805
SS_DryRiver_Scrub_21,scrub,-60.363,6.477,-0.948,106.98,1.065
SS_DryRiver_Scrub_22,scrub,105.469,69.506,13.191,87.78,1.079
SS_DryRiver_Scrub_23,scrub,78.891,25.857,2.540,129.41,0.831
SS_DryRiver_Scrub_24,scrub,83.476,-74.467,2.446,76.10,0.934
SS_DryRiver_Scrub_25,scrub,61.688,-21.352,4.667,139.13,0.887
SS_DryRiver_Scrub_26,scrub,-94.852,-2.593,-2.821,299.78,0.873
SS_DryRiver_Scrub_27,scrub,-102.806,24.275,0.834,299.46,1.112
SS_DryRiver_Scrub_28,scrub,111.834,-31.109,2.986,138.31,1.282
SS_DryRiver_Scrub_29,scrub,47.302,-5.314,3.222,263.90,0.801
SS_DryRiver_Scrub_30,scrub,-89.961,57.559,8.641,188.05,0.854
SS_DryRiver_Scrub_31,scrub,75.983,37.510,3.777,352.07,0.801
SS_DryRiver_Scrub_32,scrub,93.106,-8.163,3.752,248.23,1.258
SS_DryRiver_Scrub_33,scrub,-102.252,42.748,4.050,107.65,1.081
SS_DryRiver_Scrub_34,scrub,-94.312,-32.771,-0.867,121.74,0.810
SS_DryRiver_Scrub_35,scrub,-108.188,-79.033,0.237,140.31,1.285
SS_DryRiver_Scrub_36,scrub,76.760,-56.964,4.030,258.69,1.296
SS_DryRiver_Scrub_37,scrub,91.511,-16.494,4.226,237.15,0.903
SS_DryRiver_Scrub_38,scrub,121.833,5.173,0.849,65.46,1.306
SS_DryRiver_Scrub_39,scrub,34.606,-15.991,2.734,215.56,0.978
SS_DryRiver_Scrub_40,scrub,93.049,12.227,2.712,184.21,0.868
SS_DryRiver_Scrub_41,scrub,90.822,31.631,3.195,240.47,1.270
SS_DryRiver_Scrub_42,scrub,-75.529,-49.667,-0.667,294.88,0.881
SS_DryRiver_Scrub_43,scrub,33.991,17.642,1.872,1.10,1.243
SS_DryRiver_Scrub_44,scrub,21.420,8.814,1.634,334.34,1.334
SS_DryRiver_Scrub_45,scrub,-112.426,67.337,12.706,129.38,1.162
SS_DryRiver_Scrub_46,scrub,-115.074,-79.391,0.408,256.23,1.263
SS_DryRiver_Crate_01,crate,-52.509,17.264,-1.094,65.06,1.000
SS_DryRiver_Crate_02,crate,-105.933,-70.975,-0.082,119.59,1.000
SS_DryRiver_Crate_03,crate,89.692,-53.750,3.924,159.65,1.000
SS_DryRiver_Crate_04,crate,78.089,-26.315,5.041,278.34,1.000
SS_DryRiver_Crate_05,crate,75.011,-5.060,3.833,161.79,1.000
SS_DryRiver_Crate_06,crate,79.695,43.650,5.297,248.25,1.000
SS_DryRiver_Crate_07,crate,117.508,-18.653,2.646,352.27,1.000
SS_DryRiver_Crate_08,crate,-104.707,2.509,-1.200,302.50,1.000
SS_DryRiver_Barrel_01,barrel,68.150,30.477,2.584,262.66,1.000
SS_DryRiver_Barrel_02,barrel,92.455,-74.981,2.265,251.43,1.000
SS_DryRiver_Barrel_03,barrel,-58.184,-8.834,-0.734,282.96,1.000
SS_DryRiver_Barrel_04,barrel,-60.693,29.671,-0.051,300.51,1.000
SS_DryRiver_Barrel_05,barrel,102.107,-41.471,3.572,16.67,1.000
SS_DryRiver_Barrel_06,barrel,121.780,35.078,2.807,11.11,1.000
SS_DryRiver_Barrel_07,barrel,-118.605,-32.814,-0.486,84.04,1.000
SS_DryRiver_Barrel_08,barrel,-95.721,35.981,2.236,329.18,1.000
SS_DryRiver_Barrel_09,barrel,78.366,-44.415,4.849,171.34,1.000
SS_DryRiver_Barrel_10,barrel,-83.964,-68.401,-0.651,267.27,1.000
SS_DryRiver_Wreck_WestBank,wreck,-52.000,-8.000,-0.910,20.00,1.000
SS_DryRiver_Wreck_EastRise,wreck,64.000,20.000,2.142,118.00,1.000
SS_DryRiver_Wreck_CreekNorth,wreck,-44.300,13.500,-1.273,62.00,1.000
